{"cameraMode":{"drawMode":0,"name":"Shaded","section":"Shading Mode"},"sceneLighting":true,"audioPlay":false,"sceneViewState":{"m_AlwaysRefresh":false,"showFog":true,"showSkybox":true,"showFlares":true,"showImageEffects":true,"showParticleSystems":true,"showVisualEffectGraphs":true,"m_FxEnabled":false},"in2DMode":false,"pivot":{"x":17.29336929321289,"y":8.071344375610352,"z":-7.137682914733887},"rotation":{"x":0.34552061557769778,"y":0.008440827950835228,"z":-0.0031084090005606415,"w":0.9383631944656372},"size":4.355682849884033,"orthographic":false}