{"cameraMode":{"drawMode":0,"name":"Shaded","section":"Shading Mode"},"sceneLighting":true,"audioPlay":false,"sceneViewState":{"m_AlwaysRefresh":false,"showFog":true,"showSkybox":true,"showFlares":true,"showImageEffects":true,"showParticleSystems":true,"showVisualEffectGraphs":true,"m_FxEnabled":false},"in2DMode":false,"pivot":{"x":16.020442962646486,"y":9.912626266479493,"z":-7.380260467529297},"rotation":{"x":0.583220899105072,"y":0.014615326188504696,"z":-0.010496523231267929,"w":0.8121055960655212},"size":11.685965538024903,"orthographic":false}